dt,Temp,rmse[Temp],PotEng,rmse[PotEng],Press,rmse[Press],MolPress,rmse[MolPress],Virial,rmse[Virial],NBVirial,rmse[NBVirial],MolVirial,rmse[MolVirial]
0.5,296.04619724609785,3.3822265513669937E-002,-21938.147654998815,6.8484064308528563,472.75787538067999,16.743595700833396,459.80189004354537,18.971306062565930
01,237.07234417559508,2.3025131490729343E-002,-21944.249582025066,3.4203957250867387
03,231.71049983874329,2.2757702202379746E-002,-21886.351735716453,3.5834221747557069
06,231.68861850846409,2.2582379663555023E-002,-21887.994533957863,3.4908846985753206
09,234.18671522956154,2.2970593222046240E-002,-21828.568497448636,3.6634759319914503
15,234.20554729280246,2.2649543552389392E-002,-21870.139919252382,3.6481360119222255
30,248.33443891485481,2.2690549228447078E-002,-21602.569183920397,4.0215291330107616
45,258.05680120856886,3.6910393222827464E-002,-21406.823230763443,4.2218280325375783
90,293.28730289397305,3.9503713962657429E-002,-21318.935794542158,4.3015053627369477
