dt,Temp,rmse[Temp],PotEng,rmse[PotEng],Press,rmse[Press],MolPress,rmse[MolPress],Virial,rmse[Virial],NBVirial,rmse[NBVirial],MolVirial,rmse[MolVirial]
0.5,296.04619724609785,3.3822265513669937E-002,-21938.147654998815,6.8484064308528563,472.75787538067999,16.743595700833396,459.80189004354537,18.971306062565930
01,236.87279943898073,2.0469529052815051E-002,-21943.225675866051,4.2389003581631766
03,229.45549443652453,2.0441705831307087E-002,-21933.310367759641,4.8303737572247174
06,229.36571436798360,2.0355699474016484E-002,-21941.044378623803,3.8203566430222300
09,229.81271365442112,2.0233563781309753E-002,-21930.550679956545,4.0280782303331195
15,229.85471566117803,2.0463727528568881E-002,-21968.863826115292,3.9711798405531287
30,237.10945735671874,2.0522503833248280E-002,-22073.512443181760,4.3500746209558647
45,238.24629830036230,2.3159738200779087E-002,-22096.726597460318,4.6250498065891881
90,277.25276470176931,4.3815409009969844E-002,-22201.570182991207,5.4751783208576592
