dt,Temp,rmse[Temp],PotEng,rmse[PotEng],Press,rmse[Press],MolPress,rmse[MolPress],Virial,rmse[Virial],NBVirial,rmse[NBVirial],MolVirial,rmse[MolVirial]
0.5,296.04619724609785,3.3822265513669937E-002,-21938.147654998815,6.8484064308528563,472.75787538067999,16.743595700833396,459.80189004354537,18.971306062565930
01,197.82413136519986,1.4308310822663130E-002,-21941.151335590286,4.8070486257761988
03,193.81040348786559,1.4641239480787627E-002,-21939.736622957505,4.1035448599511266
06,193.78161247793039,1.4346341665978254E-002,-21950.725567417121,4.4430523597612082
09,194.25615313549247,1.4360769926441100E-002,-21950.100575997985,4.4933306016810599
15,194.08116385760098,1.4383891503393640E-002,-21959.230554623919,4.3234272199136266
30,198.28385109820286,1.5428428466771591E-002,-22037.369032960360,5.1305380175455619
45,204.17464413875550,1.7809821571826707E-002,-22064.515610589820,4.5221259040468773
90,222.72946212601374,2.1816347837283329E-002,-22148.801318528072,5.4984527903414504
