dt,Temp,rmse[Temp],PotEng,rmse[PotEng],Press,rmse[Press],MolPress,rmse[MolPress],Virial,rmse[Virial],NBVirial,rmse[NBVirial],MolVirial,rmse[MolVirial]
0.5,296.04619724609785,3.3822265513669937E-002,-21938.147654998815,6.8484064308528563,472.75787538067999,16.743595700833396,459.80189004354537,18.971306062565930
01,197.82683666717256,1.4548222356137308E-002,-21953.838106576433,4.6514985656667402
03,193.80043025908390,1.4402679917081957E-002,-21940.561145407497,4.4749623913717151
06,193.79098166159829,1.4619404557576663E-002,-21950.187990114875,4.1599322686138338
09,194.28385343171871,1.4756998274872269E-002,-21940.599375344438,4.3999454094878780
15,194.08116385760098,1.4383891503393640E-002,-21959.230554623919,4.3234272199136266
30,198.28385109820286,1.5428428466771591E-002,-22037.369032960360,5.1305380175455619
45,204.17464413875550,1.7809821571826707E-002,-22064.515610589820,4.5221259040468773
90,222.72946212601374,2.1816347837283329E-002,-22148.801318528072,5.4984527903414504
