dt,Temp,rmse[Temp],PotEng,rmse[PotEng],Press,rmse[Press],MolPress,rmse[MolPress],Virial,rmse[Virial],NBVirial,rmse[NBVirial],MolVirial,rmse[MolVirial]
0.5,296.04619724609785,3.3822265513669937E-002,-21938.147654998815,6.8484064308528563,472.75787538067999,16.743595700833396,459.80189004354537,18.971306062565930
01,148.67921451403947,3.2067365658204144E-002,-21942.162411733545,16.300974547659536
03,147.25630276010935,4.5949062463039703E-002,-21944.895668095120,19.909483844942585
06,147.35719292448999,5.9577899995092103E-002,-21945.056072417417,23.445518455403121
09,147.53914053107854,3.3210067261723791E-002,-21963.713338804115,14.754305405782322
15,148.29797448987671,2.2834357181125624E-002,-21942.526407541915,11.056287617043518
30,151.39406742767423,3.1458253798386668E-002,-21875.418948917359,13.801965950300286
45,152.20308335413887,9.8581402308326557E-002,-21841.054347651359,32.290483084487548
90,162.05387354053181,0.12366513299778328,-21747.171730035894,59.560886010543413
