dt,Temp,rmse[Temp],PotEng,rmse[PotEng],Press,rmse[Press],MolPress,rmse[MolPress],Virial,rmse[Virial],NBVirial,rmse[NBVirial],MolVirial,rmse[MolVirial]
0.5,296.04619724609785,3.3822265513669937E-002,-21938.147654998815,6.8484064308528563,472.75787538067999,16.743595700833396,459.80189004354537,18.971306062565930
01,148.62973582240852,8.8996490333900866E-003,-21951.714062461713,4.9538438745300342
03,147.33087183506061,9.0024377129482597E-003,-21949.634244712775,5.0788772771225155
06,147.35959779730655,8.9210167110561744E-003,-21964.833369045402,4.5819638911806493
09,147.53746414644016,8.7955092703941619E-003,-21959.361417145843,4.8212411797032662
15,148.29797448987671,2.2834357181125624E-002,-21942.526407541915,11.056287617043518
30,151.43446209905059,9.2889936413508133E-003,-21889.959114535912,4.8831211497380327
45,152.08119545638857,9.1915472873369489E-003,-21869.618163749394,4.7854981833399188
90,162.12528450631760,1.1942651725112453E-002,-21704.862675033244,6.2130893834098515
