dt,Temp,rmse[Temp],PotEng,rmse[PotEng],Press,rmse[Press],MolPress,rmse[MolPress],Virial,rmse[Virial],NBVirial,rmse[NBVirial],MolVirial,rmse[MolVirial]
0.5,296.04619724609785,3.3822265513669937E-002,-21938.147654998815,6.8484064308528563,472.75787538067999,16.743595700833396,459.80189004354537,18.971306062565930
01,236.83684251262025,2.0857627292874544E-002,-21953.009459573175,4.6147003858872289
03,229.44979238573714,2.0299393208437315E-002,-21931.693243679983,4.0592241054682265
06,229.39683782507200,2.0400638604289881E-002,-21936.417007000582,4.1236350718631609
09,229.75784045851870,2.0603286966927595E-002,-21922.920417131983,4.4269794144576649
15,229.85471566117803,2.0463727528568881E-002,-21968.863826115292,3.9711798405531287
30,237.10945735671874,2.0522503833248280E-002,-22073.512443181760,4.3500746209558647
45,238.24629830036230,2.3159738200779087E-002,-22096.726597460318,4.6250498065891881
90,277.25276470176931,4.3815409009969844E-002,-22201.570182991207,5.4751783208576592
